"DATE_GMT","TIME_GMT","SETTLEMENT_DATE","SETTLEMENT_PERIOD","EMBEDDED_WIND_FORECAST","EMBEDDED_WIND_CAPACITY","EMBEDDED_SOLAR_FORECAST","EMBEDDED_SOLAR_CAPACITY"
"2025-04-09T00:00:00","08:30","2025-04-09T00:00:00",19,873,6606,4740,18720
"2025-04-09T00:00:00","09:00","2025-04-09T00:00:00",20,940,6606,5792,18720
"2025-04-09T00:00:00","09:30","2025-04-09T00:00:00",21,953,6606,6985,18720
"2025-04-09T00:00:00","10:00","2025-04-09T00:00:00",22,965,6606,8122,18720
"2025-04-09T00:00:00","10:30","2025-04-09T00:00:00",23,976,6606,8993,18720
"2025-04-09T00:00:00","11:00","2025-04-09T00:00:00",24,987,6606,9592,18720
"2025-04-09T00:00:00","11:30","2025-04-09T00:00:00",25,998,6606,9966,18720
"2025-04-09T00:00:00","12:00","2025-04-09T00:00:00",26,1008,6606,10161,18720
"2025-04-09T00:00:00","12:30","2025-04-09T00:00:00",27,955,6606,10215,18720
"2025-04-09T00:00:00","13:00","2025-04-09T00:00:00",28,901,6606,10148,18720
"2025-04-09T00:00:00","13:30","2025-04-09T00:00:00",29,852,6606,9942,18720
"2025-04-09T00:00:00","14:00","2025-04-09T00:00:00",30,802,6606,9459,18720
"2025-04-09T00:00:00","14:30","2025-04-09T00:00:00",31,779,6606,8615,18720
"2025-04-09T00:00:00","15:00","2025-04-09T00:00:00",32,756,6606,7655,18720
"2025-04-09T00:00:00","15:30","2025-04-09T00:00:00",33,749,6606,6804,18720
"2025-04-09T00:00:00","16:00","2025-04-09T00:00:00",34,741,6606,5878,18720
"2025-04-09T00:00:00","16:30","2025-04-09T00:00:00",35,734,6606,4691,18720
"2025-04-09T00:00:00","17:00","2025-04-09T00:00:00",36,726,6606,3433,18720
"2025-04-09T00:00:00","17:30","2025-04-09T00:00:00",37,705,6606,2336,18720
"2025-04-09T00:00:00","18:00","2025-04-09T00:00:00",38,683,6606,1399,18720
"2025-04-09T00:00:00","18:30","2025-04-09T00:00:00",39,724,6606,601,18720
"2025-04-09T00:00:00","19:00","2025-04-09T00:00:00",40,764,6606,83,18720
"2025-04-09T00:00:00","19:30","2025-04-09T00:00:00",41,802,6606,0,18720
"2025-04-09T00:00:00","20:00","2025-04-09T00:00:00",42,839,6606,0,18720
"2025-04-09T00:00:00","20:30","2025-04-09T00:00:00",43,841,6606,16,18720
"2025-04-09T00:00:00","21:00","2025-04-09T00:00:00",44,843,6606,0,18720
"2025-04-09T00:00:00","21:30","2025-04-09T00:00:00",45,836,6606,0,18720
"2025-04-09T00:00:00","22:00","2025-04-09T00:00:00",46,828,6606,0,18720
"2025-04-09T00:00:00","22:30","2025-04-09T00:00:00",47,794,6606,0,18720
"2025-04-09T00:00:00","23:00","2025-04-09T00:00:00",48,759,6606,0,18720
"2025-04-09T00:00:00","23:30","2025-04-10T00:00:00",1,713,6606,0,18727
"2025-04-10T00:00:00","00:00","2025-04-10T00:00:00",2,667,6606,0,18727
"2025-04-10T00:00:00","00:30","2025-04-10T00:00:00",3,638,6606,0,18727
"2025-04-10T00:00:00","01:00","2025-04-10T00:00:00",4,608,6606,0,18727
"2025-04-10T00:00:00","01:30","2025-04-10T00:00:00",5,594,6606,0,18727
"2025-04-10T00:00:00","02:00","2025-04-10T00:00:00",6,579,6606,0,18727
"2025-04-10T00:00:00","02:30","2025-04-10T00:00:00",7,559,6606,0,18727
"2025-04-10T00:00:00","03:00","2025-04-10T00:00:00",8,539,6606,0,18727
"2025-04-10T00:00:00","03:30","2025-04-10T00:00:00",9,527,6606,0,18727
"2025-04-10T00:00:00","04:00","2025-04-10T00:00:00",10,514,6606,0,18727
"2025-04-10T00:00:00","04:30","2025-04-10T00:00:00",11,524,6606,0,18727
"2025-04-10T00:00:00","05:00","2025-04-10T00:00:00",12,534,6606,0,18727
"2025-04-10T00:00:00","05:30","2025-04-10T00:00:00",13,563,6606,21,18727
"2025-04-10T00:00:00","06:00","2025-04-10T00:00:00",14,591,6606,197,18727
"2025-04-10T00:00:00","06:30","2025-04-10T00:00:00",15,594,6606,645,18727
"2025-04-10T00:00:00","07:00","2025-04-10T00:00:00",16,597,6606,1335,18727
"2025-04-10T00:00:00","07:30","2025-04-10T00:00:00",17,547,6606,2201,18727
"2025-04-10T00:00:00","08:00","2025-04-10T00:00:00",18,497,6606,3174,18727
"2025-04-10T00:00:00","08:30","2025-04-10T00:00:00",19,484,6606,4192,18727
"2025-04-10T00:00:00","09:00","2025-04-10T00:00:00",20,470,6606,5225,18727
"2025-04-10T00:00:00","09:30","2025-04-10T00:00:00",21,483,6606,6250,18727
"2025-04-10T00:00:00","10:00","2025-04-10T00:00:00",22,496,6606,7242,18727
"2025-04-10T00:00:00","10:30","2025-04-10T00:00:00",23,520,6606,8174,18727
"2025-04-10T00:00:00","11:00","2025-04-10T00:00:00",24,543,6606,9008,18727
"2025-04-10T00:00:00","11:30","2025-04-10T00:00:00",25,564,6606,9698,18727
"2025-04-10T00:00:00","12:00","2025-04-10T00:00:00",26,585,6606,10218,18727
"2025-04-10T00:00:00","12:30","2025-04-10T00:00:00",27,611,6606,10549,18727
"2025-04-10T00:00:00","13:00","2025-04-10T00:00:00",28,637,6606,10659,18727
"2025-04-10T00:00:00","13:30","2025-04-10T00:00:00",29,672,6606,10516,18727
"2025-04-10T00:00:00","14:00","2025-04-10T00:00:00",30,707,6606,10081,18727
"2025-04-10T00:00:00","14:30","2025-04-10T00:00:00",31,740,6606,9332,18727
"2025-04-10T00:00:00","15:00","2025-04-10T00:00:00",32,772,6606,8344,18727
"2025-04-10T00:00:00","15:30","2025-04-10T00:00:00",33,803,6606,7213,18727
"2025-04-10T00:00:00","16:00","2025-04-10T00:00:00",34,833,6606,6013,18727
"2025-04-10T00:00:00","16:30","2025-04-10T00:00:00",35,834,6606,4801,18727
"2025-04-10T00:00:00","17:00","2025-04-10T00:00:00",36,834,6606,3589,18727
"2025-04-10T00:00:00","17:30","2025-04-10T00:00:00",37,893,6606,2403,18727
"2025-04-10T00:00:00","18:00","2025-04-10T00:00:00",38,951,6606,1349,18727
"2025-04-10T00:00:00","18:30","2025-04-10T00:00:00",39,1060,6606,545,18727
"2025-04-10T00:00:00","19:00","2025-04-10T00:00:00",40,1169,6606,73,18727
"2025-04-10T00:00:00","19:30","2025-04-10T00:00:00",41,1216,6606,0,18727
"2025-04-10T00:00:00","20:00","2025-04-10T00:00:00",42,1262,6606,0,18727
"2025-04-10T00:00:00","20:30","2025-04-10T00:00:00",43,1291,6606,0,18727
"2025-04-10T00:00:00","21:00","2025-04-10T00:00:00",44,1320,6606,0,18727
"2025-04-10T00:00:00","21:30","2025-04-10T00:00:00",45,1334,6606,0,18727
"2025-04-10T00:00:00","22:00","2025-04-10T00:00:00",46,1348,6606,0,18727
"2025-04-10T00:00:00","22:30","2025-04-10T00:00:00",47,1360,6606,0,18727
"2025-04-10T00:00:00","23:00","2025-04-10T00:00:00",48,1371,6606,0,18727
"2025-04-10T00:00:00","23:30","2025-04-11T00:00:00",1,1379,6607,0,18733
"2025-04-11T00:00:00","00:00","2025-04-11T00:00:00",2,1386,6607,0,18733
"2025-04-11T00:00:00","00:30","2025-04-11T00:00:00",3,1398,6607,0,18733
"2025-04-11T00:00:00","01:00","2025-04-11T00:00:00",4,1409,6607,0,18733
"2025-04-11T00:00:00","01:30","2025-04-11T00:00:00",5,1417,6607,0,18733
"2025-04-11T00:00:00","02:00","2025-04-11T00:00:00",6,1425,6607,0,18733
"2025-04-11T00:00:00","02:30","2025-04-11T00:00:00",7,1421,6607,0,18733
"2025-04-11T00:00:00","03:00","2025-04-11T00:00:00",8,1416,6607,0,18733
"2025-04-11T00:00:00","03:30","2025-04-11T00:00:00",9,1401,6607,0,18733
"2025-04-11T00:00:00","04:00","2025-04-11T00:00:00",10,1386,6607,0,18733
"2025-04-11T00:00:00","04:30","2025-04-11T00:00:00",11,1364,6607,0,18733
"2025-04-11T00:00:00","05:00","2025-04-11T00:00:00",12,1342,6607,0,18733
"2025-04-11T00:00:00","05:30","2025-04-11T00:00:00",13,1309,6607,84,18733
"2025-04-11T00:00:00","06:00","2025-04-11T00:00:00",14,1275,6607,385,18733
"2025-04-11T00:00:00","06:30","2025-04-11T00:00:00",15,1181,6607,1029,18733
"2025-04-11T00:00:00","07:00","2025-04-11T00:00:00",16,1087,6607,1949,18733
"2025-04-11T00:00:00","07:30","2025-04-11T00:00:00",17,939,6607,3039,18733
"2025-04-11T00:00:00","08:00","2025-04-11T00:00:00",18,790,6607,4241,18733
"2025-04-11T00:00:00","08:30","2025-04-11T00:00:00",19,778,6607,5500,18733
"2025-04-11T00:00:00","09:00","2025-04-11T00:00:00",20,765,6607,6724,18733
"2025-04-11T00:00:00","09:30","2025-04-11T00:00:00",21,779,6607,7839,18733
"2025-04-11T00:00:00","10:00","2025-04-11T00:00:00",22,793,6607,8860,18733
"2025-04-11T00:00:00","10:30","2025-04-11T00:00:00",23,792,6607,9803,18733
"2025-04-11T00:00:00","11:00","2025-04-11T00:00:00",24,790,6607,10587,18733
"2025-04-11T00:00:00","11:30","2025-04-11T00:00:00",25,778,6607,11124,18733
"2025-04-11T00:00:00","12:00","2025-04-11T00:00:00",26,766,6607,11404,18733
"2025-04-11T00:00:00","12:30","2025-04-11T00:00:00",27,751,6607,11442,18733
"2025-04-11T00:00:00","13:00","2025-04-11T00:00:00",28,735,6607,11275,18733
"2025-04-11T00:00:00","13:30","2025-04-11T00:00:00",29,713,6607,10929,18733
"2025-04-11T00:00:00","14:00","2025-04-11T00:00:00",30,690,6607,10382,18733
"2025-04-11T00:00:00","14:30","2025-04-11T00:00:00",31,673,6607,9614,18733
"2025-04-11T00:00:00","15:00","2025-04-11T00:00:00",32,656,6607,8668,18733
"2025-04-11T00:00:00","15:30","2025-04-11T00:00:00",33,634,6607,7589,18733
"2025-04-11T00:00:00","16:00","2025-04-11T00:00:00",34,611,6607,6360,18733
"2025-04-11T00:00:00","16:30","2025-04-11T00:00:00",35,569,6607,4989,18733
"2025-04-11T00:00:00","17:00","2025-04-11T00:00:00",36,527,6607,3645,18733
"2025-04-11T00:00:00","17:30","2025-04-11T00:00:00",37,519,6607,2491,18733
"2025-04-11T00:00:00","18:00","2025-04-11T00:00:00",38,511,6607,1507,18733
"2025-04-11T00:00:00","18:30","2025-04-11T00:00:00",39,545,6607,667,18733
"2025-04-11T00:00:00","19:00","2025-04-11T00:00:00",40,579,6607,115,18733
"2025-04-11T00:00:00","19:30","2025-04-11T00:00:00",41,594,6607,0,18733
"2025-04-11T00:00:00","20:00","2025-04-11T00:00:00",42,608,6607,0,18733
"2025-04-11T00:00:00","20:30","2025-04-11T00:00:00",43,602,6607,16,18733
"2025-04-11T00:00:00","21:00","2025-04-11T00:00:00",44,596,6607,0,18733
"2025-04-11T00:00:00","21:30","2025-04-11T00:00:00",45,582,6607,0,18733
"2025-04-11T00:00:00","22:00","2025-04-11T00:00:00",46,567,6607,0,18733
"2025-04-11T00:00:00","22:30","2025-04-11T00:00:00",47,554,6607,0,18733
"2025-04-11T00:00:00","23:00","2025-04-11T00:00:00",48,541,6607,0,18733
"2025-04-11T00:00:00","23:30","2025-04-12T00:00:00",1,545,6607,0,18740
"2025-04-12T00:00:00","00:00","2025-04-12T00:00:00",2,549,6607,0,18740
"2025-04-12T00:00:00","00:30","2025-04-12T00:00:00",3,561,6607,0,18740
"2025-04-12T00:00:00","01:00","2025-04-12T00:00:00",4,573,6607,0,18740
"2025-04-12T00:00:00","01:30","2025-04-12T00:00:00",5,594,6607,0,18740
"2025-04-12T00:00:00","02:00","2025-04-12T00:00:00",6,614,6607,0,18740
"2025-04-12T00:00:00","02:30","2025-04-12T00:00:00",7,634,6607,0,18740
"2025-04-12T00:00:00","03:00","2025-04-12T00:00:00",8,653,6607,0,18740
"2025-04-12T00:00:00","03:30","2025-04-12T00:00:00",9,667,6607,0,18740
"2025-04-12T00:00:00","04:00","2025-04-12T00:00:00",10,680,6607,0,18740
"2025-04-12T00:00:00","04:30","2025-04-12T00:00:00",11,702,6607,0,18740
"2025-04-12T00:00:00","05:00","2025-04-12T00:00:00",12,723,6607,0,18740
"2025-04-12T00:00:00","05:30","2025-04-12T00:00:00",13,740,6607,91,18740
"2025-04-12T00:00:00","06:00","2025-04-12T00:00:00",14,757,6607,408,18740
"2025-04-12T00:00:00","06:30","2025-04-12T00:00:00",15,727,6607,1076,18740
"2025-04-12T00:00:00","07:00","2025-04-12T00:00:00",16,696,6607,2045,18740
"2025-04-12T00:00:00","07:30","2025-04-12T00:00:00",17,592,6607,3216,18740
"2025-04-12T00:00:00","08:00","2025-04-12T00:00:00",18,488,6607,4450,18740
"2025-04-12T00:00:00","08:30","2025-04-12T00:00:00",19,494,6607,5618,18740
"2025-04-12T00:00:00","09:00","2025-04-12T00:00:00",20,500,6607,6671,18740
"2025-04-12T00:00:00","09:30","2025-04-12T00:00:00",21,565,6607,7586,18740
"2025-04-12T00:00:00","10:00","2025-04-12T00:00:00",22,629,6607,8372,18740
"2025-04-12T00:00:00","10:30","2025-04-12T00:00:00",23,718,6607,9039,18740
"2025-04-12T00:00:00","11:00","2025-04-12T00:00:00",24,807,6607,9572,18740
"2025-04-12T00:00:00","11:30","2025-04-12T00:00:00",25,902,6607,9954,18740
"2025-04-12T00:00:00","12:00","2025-04-12T00:00:00",26,997,6607,10155,18740
"2025-04-12T00:00:00","12:30","2025-04-12T00:00:00",27,1064,6607,10138,18740
"2025-04-12T00:00:00","13:00","2025-04-12T00:00:00",28,1131,6607,9840,18740
"2025-04-12T00:00:00","13:30","2025-04-12T00:00:00",29,1172,6607,9231,18740
"2025-04-12T00:00:00","14:00","2025-04-12T00:00:00",30,1213,6607,8471,18740
"2025-04-12T00:00:00","14:30","2025-04-12T00:00:00",31,1237,6607,7704,18740
"2025-04-12T00:00:00","15:00","2025-04-12T00:00:00",32,1261,6607,6840,18740
"2025-04-12T00:00:00","15:30","2025-04-12T00:00:00",33,1242,6607,5785,18740
"2025-04-12T00:00:00","16:00","2025-04-12T00:00:00",34,1223,6607,4664,18740
"2025-04-12T00:00:00","16:30","2025-04-12T00:00:00",35,1166,6607,3623,18740
"2025-04-12T00:00:00","17:00","2025-04-12T00:00:00",36,1108,6607,2675,18740
"2025-04-12T00:00:00","17:30","2025-04-12T00:00:00",37,1065,6607,1808,18740
"2025-04-12T00:00:00","18:00","2025-04-12T00:00:00",38,1022,6607,1042,18740
"2025-04-12T00:00:00","18:30","2025-04-12T00:00:00",39,1024,6607,420,18740
"2025-04-12T00:00:00","19:00","2025-04-12T00:00:00",40,1025,6607,37,18740
"2025-04-12T00:00:00","19:30","2025-04-12T00:00:00",41,1029,6607,0,18740
"2025-04-12T00:00:00","20:00","2025-04-12T00:00:00",42,1032,6607,0,18740
"2025-04-12T00:00:00","20:30","2025-04-12T00:00:00",43,1026,6607,0,18740
"2025-04-12T00:00:00","21:00","2025-04-12T00:00:00",44,1020,6607,0,18740
"2025-04-12T00:00:00","21:30","2025-04-12T00:00:00",45,988,6607,0,18740
"2025-04-12T00:00:00","22:00","2025-04-12T00:00:00",46,955,6607,0,18740
"2025-04-12T00:00:00","22:30","2025-04-12T00:00:00",47,940,6607,0,18740
"2025-04-12T00:00:00","23:00","2025-04-12T00:00:00",48,925,6607,0,18740
"2025-04-12T00:00:00","23:30","2025-04-13T00:00:00",1,924,6607,0,18746
"2025-04-13T00:00:00","00:00","2025-04-13T00:00:00",2,922,6607,0,18746
"2025-04-13T00:00:00","00:30","2025-04-13T00:00:00",3,924,6607,0,18746
"2025-04-13T00:00:00","01:00","2025-04-13T00:00:00",4,925,6607,0,18746
"2025-04-13T00:00:00","01:30","2025-04-13T00:00:00",5,947,6607,0,18746
"2025-04-13T00:00:00","02:00","2025-04-13T00:00:00",6,969,6607,0,18746
"2025-04-13T00:00:00","02:30","2025-04-13T00:00:00",7,1004,6607,0,18746
"2025-04-13T00:00:00","03:00","2025-04-13T00:00:00",8,1038,6607,0,18746
"2025-04-13T00:00:00","03:30","2025-04-13T00:00:00",9,1054,6607,0,18746
"2025-04-13T00:00:00","04:00","2025-04-13T00:00:00",10,1069,6607,0,18746
"2025-04-13T00:00:00","04:30","2025-04-13T00:00:00",11,1089,6607,0,18746
"2025-04-13T00:00:00","05:00","2025-04-13T00:00:00",12,1108,6607,0,18746
"2025-04-13T00:00:00","05:30","2025-04-13T00:00:00",13,1134,6607,47,18746
"2025-04-13T00:00:00","06:00","2025-04-13T00:00:00",14,1159,6607,216,18746
"2025-04-13T00:00:00","06:30","2025-04-13T00:00:00",15,1144,6607,592,18746
"2025-04-13T00:00:00","07:00","2025-04-13T00:00:00",16,1129,6607,1197,18746
"2025-04-13T00:00:00","07:30","2025-04-13T00:00:00",17,1138,6607,2004,18746
"2025-04-13T00:00:00","08:00","2025-04-13T00:00:00",18,1146,6607,2860,18746
"2025-04-13T00:00:00","08:30","2025-04-13T00:00:00",19,1169,6607,3625,18746
"2025-04-13T00:00:00","09:00","2025-04-13T00:00:00",20,1191,6607,4347,18746
"2025-04-13T00:00:00","09:30","2025-04-13T00:00:00",21,1217,6607,5078,18746
"2025-04-13T00:00:00","10:00","2025-04-13T00:00:00",22,1243,6607,5720,18746
"2025-04-13T00:00:00","10:30","2025-04-13T00:00:00",23,1283,6607,6175,18746
"2025-04-13T00:00:00","11:00","2025-04-13T00:00:00",24,1322,6607,6515,18746
"2025-04-13T00:00:00","11:30","2025-04-13T00:00:00",25,1364,6607,6810,18746
"2025-04-13T00:00:00","12:00","2025-04-13T00:00:00",26,1406,6607,6963,18746
"2025-04-13T00:00:00","12:30","2025-04-13T00:00:00",27,1424,6607,6890,18746
"2025-04-13T00:00:00","13:00","2025-04-13T00:00:00",28,1441,6607,6725,18746
"2025-04-13T00:00:00","13:30","2025-04-13T00:00:00",29,1463,6607,6598,18746
"2025-04-13T00:00:00","14:00","2025-04-13T00:00:00",30,1485,6607,6412,18746
"2025-04-13T00:00:00","14:30","2025-04-13T00:00:00",31,1519,6607,6055,18746
"2025-04-13T00:00:00","15:00","2025-04-13T00:00:00",32,1553,6607,5581,18746
"2025-04-13T00:00:00","15:30","2025-04-13T00:00:00",33,1478,6607,5048,18746
"2025-04-13T00:00:00","16:00","2025-04-13T00:00:00",34,1402,6607,4370,18746
"2025-04-13T00:00:00","16:30","2025-04-13T00:00:00",35,1333,6607,3480,18746
"2025-04-13T00:00:00","17:00","2025-04-13T00:00:00",36,1263,6607,2542,18746
"2025-04-13T00:00:00","17:30","2025-04-13T00:00:00",37,1206,6607,1734,18746
"2025-04-13T00:00:00","18:00","2025-04-13T00:00:00",38,1148,6607,1046,18746
"2025-04-13T00:00:00","18:30","2025-04-13T00:00:00",39,1115,6607,458,18746
"2025-04-13T00:00:00","19:00","2025-04-13T00:00:00",40,1082,6607,72,18746
"2025-04-13T00:00:00","19:30","2025-04-13T00:00:00",41,1066,6607,0,18746
"2025-04-13T00:00:00","20:00","2025-04-13T00:00:00",42,1050,6607,0,18746
"2025-04-13T00:00:00","20:30","2025-04-13T00:00:00",43,1047,6607,0,18746
"2025-04-13T00:00:00","21:00","2025-04-13T00:00:00",44,1044,6607,0,18746
"2025-04-13T00:00:00","21:30","2025-04-13T00:00:00",45,1038,6607,0,18746
"2025-04-13T00:00:00","22:00","2025-04-13T00:00:00",46,1032,6607,0,18746
"2025-04-13T00:00:00","22:30","2025-04-13T00:00:00",47,1038,6607,0,18746
"2025-04-13T00:00:00","23:00","2025-04-13T00:00:00",48,1043,6607,0,18746
"2025-04-13T00:00:00","23:30","2025-04-14T00:00:00",1,1063,6608,0,18753
"2025-04-14T00:00:00","00:00","2025-04-14T00:00:00",2,1083,6608,0,18753
"2025-04-14T00:00:00","00:30","2025-04-14T00:00:00",3,1099,6608,0,18753
"2025-04-14T00:00:00","01:00","2025-04-14T00:00:00",4,1115,6608,0,18753
"2025-04-14T00:00:00","01:30","2025-04-14T00:00:00",5,1142,6608,0,18753
"2025-04-14T00:00:00","02:00","2025-04-14T00:00:00",6,1168,6608,0,18753
"2025-04-14T00:00:00","02:30","2025-04-14T00:00:00",7,1207,6608,0,18753
"2025-04-14T00:00:00","03:00","2025-04-14T00:00:00",8,1245,6608,0,18753
"2025-04-14T00:00:00","03:30","2025-04-14T00:00:00",9,1277,6608,0,18753
"2025-04-14T00:00:00","04:00","2025-04-14T00:00:00",10,1308,6608,0,18753
"2025-04-14T00:00:00","04:30","2025-04-14T00:00:00",11,1349,6608,0,18753
"2025-04-14T00:00:00","05:00","2025-04-14T00:00:00",12,1390,6608,0,18753
"2025-04-14T00:00:00","05:30","2025-04-14T00:00:00",13,1440,6608,90,18753
"2025-04-14T00:00:00","06:00","2025-04-14T00:00:00",14,1490,6608,333,18753
"2025-04-14T00:00:00","06:30","2025-04-14T00:00:00",15,1523,6608,814,18753
"2025-04-14T00:00:00","07:00","2025-04-14T00:00:00",16,1555,6608,1516,18753
"2025-04-14T00:00:00","07:30","2025-04-14T00:00:00",17,1597,6608,2395,18753
"2025-04-14T00:00:00","08:00","2025-04-14T00:00:00",18,1639,6608,3416,18753
"2025-04-14T00:00:00","08:30","2025-04-14T00:00:00",19,1688,6608,4511,18753
"2025-04-14T00:00:00","09:00","2025-04-14T00:00:00",20,1737,6608,5477,18753
"2025-04-14T00:00:00","09:30","2025-04-14T00:00:00",21,1801,6608,6151,18753
"2025-04-14T00:00:00","10:00","2025-04-14T00:00:00",22,1864,6608,6663,18753
"2025-04-14T00:00:00","10:30","2025-04-14T00:00:00",23,1940,6608,7167,18753
"2025-04-14T00:00:00","11:00","2025-04-14T00:00:00",24,2015,6608,7614,18753
"2025-04-14T00:00:00","11:30","2025-04-14T00:00:00",25,2098,6608,7926,18753
"2025-04-14T00:00:00","12:00","2025-04-14T00:00:00",26,2180,6608,8118,18753
"2025-04-14T00:00:00","12:30","2025-04-14T00:00:00",27,2117,6608,8196,18753
"2025-04-14T00:00:00","13:00","2025-04-14T00:00:00",28,2053,6608,8039,18753
"2025-04-14T00:00:00","13:30","2025-04-14T00:00:00",29,1991,6608,7556,18753
"2025-04-14T00:00:00","14:00","2025-04-14T00:00:00",30,1929,6608,6914,18753
"2025-04-14T00:00:00","14:30","2025-04-14T00:00:00",31,1871,6608,6299,18753
"2025-04-14T00:00:00","15:00","2025-04-14T00:00:00",32,1813,6608,5709,18753
"2025-04-14T00:00:00","15:30","2025-04-14T00:00:00",33,1761,6608,5101,18753
"2025-04-14T00:00:00","16:00","2025-04-14T00:00:00",34,1708,6608,4436,18753
"2025-04-14T00:00:00","16:30","2025-04-14T00:00:00",35,1664,6608,3682,18753
"2025-04-14T00:00:00","17:00","2025-04-14T00:00:00",36,1619,6608,2844,18753
"2025-04-14T00:00:00","17:30","2025-04-14T00:00:00",37,1584,6608,1955,18753
"2025-04-14T00:00:00","18:00","2025-04-14T00:00:00",38,1549,6608,1128,18753
"2025-04-14T00:00:00","18:30","2025-04-14T00:00:00",39,1519,6608,484,18753
"2025-04-14T00:00:00","19:00","2025-04-14T00:00:00",40,1489,6608,94,18753
"2025-04-14T00:00:00","19:30","2025-04-14T00:00:00",41,1464,6608,0,18753
"2025-04-14T00:00:00","20:00","2025-04-14T00:00:00",42,1439,6608,0,18753
"2025-04-14T00:00:00","20:30","2025-04-14T00:00:00",43,1419,6608,0,18753
"2025-04-14T00:00:00","21:00","2025-04-14T00:00:00",44,1399,6608,0,18753
"2025-04-14T00:00:00","21:30","2025-04-14T00:00:00",45,1385,6608,0,18753
"2025-04-14T00:00:00","22:00","2025-04-14T00:00:00",46,1371,6608,0,18753
"2025-04-14T00:00:00","22:30","2025-04-14T00:00:00",47,1365,6608,0,18753
"2025-04-14T00:00:00","23:00","2025-04-14T00:00:00",48,1358,6608,0,18753
"2025-04-14T00:00:00","23:30","2025-04-15T00:00:00",1,1359,6608,0,18759
"2025-04-15T00:00:00","00:00","2025-04-15T00:00:00",2,1359,6608,0,18759
"2025-04-15T00:00:00","00:30","2025-04-15T00:00:00",3,1331,6608,0,18759
"2025-04-15T00:00:00","01:00","2025-04-15T00:00:00",4,1302,6608,0,18759
"2025-04-15T00:00:00","01:30","2025-04-15T00:00:00",5,1278,6608,0,18759
"2025-04-15T00:00:00","02:00","2025-04-15T00:00:00",6,1254,6608,0,18759
"2025-04-15T00:00:00","02:30","2025-04-15T00:00:00",7,1236,6608,0,18759
"2025-04-15T00:00:00","03:00","2025-04-15T00:00:00",8,1217,6608,0,18759
"2025-04-15T00:00:00","03:30","2025-04-15T00:00:00",9,1205,6608,0,18759
"2025-04-15T00:00:00","04:00","2025-04-15T00:00:00",10,1192,6608,0,18759
"2025-04-15T00:00:00","04:30","2025-04-15T00:00:00",11,1186,6608,0,18759
"2025-04-15T00:00:00","05:00","2025-04-15T00:00:00",12,1180,6608,0,18759
"2025-04-15T00:00:00","05:30","2025-04-15T00:00:00",13,1180,6608,84,18759
"2025-04-15T00:00:00","06:00","2025-04-15T00:00:00",14,1180,6608,288,18759
"2025-04-15T00:00:00","06:30","2025-04-15T00:00:00",15,1199,6608,671,18759
"2025-04-15T00:00:00","07:00","2025-04-15T00:00:00",16,1217,6608,1237,18759
"2025-04-15T00:00:00","07:30","2025-04-15T00:00:00",17,1243,6608,1967,18759
"2025-04-15T00:00:00","08:00","2025-04-15T00:00:00",18,1268,6608,2790,18759
"2025-04-15T00:00:00","08:30","2025-04-15T00:00:00",19,1300,6608,3618,18759
"2025-04-15T00:00:00","09:00","2025-04-15T00:00:00",20,1332,6608,4332,18759
"2025-04-15T00:00:00","09:30","2025-04-15T00:00:00",21,1370,6608,4847,18759
"2025-04-15T00:00:00","10:00","2025-04-15T00:00:00",22,1407,6608,5260,18759
"2025-04-15T00:00:00","10:30","2025-04-15T00:00:00",23,1449,6608,5673,18759
"2025-04-15T00:00:00","11:00","2025-04-15T00:00:00",24,1490,6608,6037,18759
"2025-04-15T00:00:00","11:30","2025-04-15T00:00:00",25,1535,6608,6276,18759
"2025-04-15T00:00:00","12:00","2025-04-15T00:00:00",26,1579,6608,6347,18759
"2025-04-15T00:00:00","12:30","2025-04-15T00:00:00",27,1555,6608,6242,18759
"2025-04-15T00:00:00","13:00","2025-04-15T00:00:00",28,1531,6608,6054,18759
"2025-04-15T00:00:00","13:30","2025-04-15T00:00:00",29,1512,6608,5864,18759
"2025-04-15T00:00:00","14:00","2025-04-15T00:00:00",30,1492,6608,5592,18759
"2025-04-15T00:00:00","14:30","2025-04-15T00:00:00",31,1478,6608,5164,18759
"2025-04-15T00:00:00","15:00","2025-04-15T00:00:00",32,1464,6608,4671,18759
"2025-04-15T00:00:00","15:30","2025-04-15T00:00:00",33,1457,6608,4205,18759
"2025-04-15T00:00:00","16:00","2025-04-15T00:00:00",34,1449,6608,3681,18759
"2025-04-15T00:00:00","16:30","2025-04-15T00:00:00",35,1447,6608,3015,18759
"2025-04-15T00:00:00","17:00","2025-04-15T00:00:00",36,1444,6608,2282,18759
"2025-04-15T00:00:00","17:30","2025-04-15T00:00:00",37,1448,6608,1580,18759
"2025-04-15T00:00:00","18:00","2025-04-15T00:00:00",38,1452,6608,942,18759
"2025-04-15T00:00:00","18:30","2025-04-15T00:00:00",39,1439,6608,400,18759
"2025-04-15T00:00:00","19:00","2025-04-15T00:00:00",40,1426,6608,51,18759
"2025-04-15T00:00:00","19:30","2025-04-15T00:00:00",41,1418,6608,0,18759
"2025-04-15T00:00:00","20:00","2025-04-15T00:00:00",42,1410,6608,0,18759
"2025-04-15T00:00:00","20:30","2025-04-15T00:00:00",43,1407,6608,0,18759
"2025-04-15T00:00:00","21:00","2025-04-15T00:00:00",44,1403,6608,0,18759
"2025-04-15T00:00:00","21:30","2025-04-15T00:00:00",45,1405,6608,0,18759
"2025-04-15T00:00:00","22:00","2025-04-15T00:00:00",46,1407,6608,0,18759
"2025-04-15T00:00:00","22:30","2025-04-15T00:00:00",47,1415,6608,0,18759
"2025-04-15T00:00:00","23:00","2025-04-15T00:00:00",48,1422,6608,0,18759
"2025-04-15T00:00:00","23:30","2025-04-16T00:00:00",1,1435,6608,0,18766
"2025-04-16T00:00:00","00:00","2025-04-16T00:00:00",2,1447,6608,0,18766
"2025-04-16T00:00:00","00:30","2025-04-16T00:00:00",3,1423,6608,0,18766
"2025-04-16T00:00:00","01:00","2025-04-16T00:00:00",4,1398,6608,0,18766
"2025-04-16T00:00:00","01:30","2025-04-16T00:00:00",5,1378,6608,0,18766
"2025-04-16T00:00:00","02:00","2025-04-16T00:00:00",6,1358,6608,0,18766
"2025-04-16T00:00:00","02:30","2025-04-16T00:00:00",7,1343,6608,0,18766
"2025-04-16T00:00:00","03:00","2025-04-16T00:00:00",8,1328,6608,0,18766
"2025-04-16T00:00:00","03:30","2025-04-16T00:00:00",9,1320,6608,0,18766
"2025-04-16T00:00:00","04:00","2025-04-16T00:00:00",10,1311,6608,0,18766
"2025-04-16T00:00:00","04:30","2025-04-16T00:00:00",11,1310,6608,0,18766
"2025-04-16T00:00:00","05:00","2025-04-16T00:00:00",12,1308,6608,0,18766
"2025-04-16T00:00:00","05:30","2025-04-16T00:00:00",13,1313,6608,98,18766
"2025-04-16T00:00:00","06:00","2025-04-16T00:00:00",14,1318,6608,340,18766
"2025-04-16T00:00:00","06:30","2025-04-16T00:00:00",15,1322,6608,789,18766
"2025-04-16T00:00:00","07:00","2025-04-16T00:00:00",16,1326,6608,1377,18766
"2025-04-16T00:00:00","07:30","2025-04-16T00:00:00",17,1336,6608,2035,18766
"2025-04-16T00:00:00","08:00","2025-04-16T00:00:00",18,1346,6608,2818,18766
"2025-04-16T00:00:00","08:30","2025-04-16T00:00:00",19,1363,6608,3764,18766
"2025-04-16T00:00:00","09:00","2025-04-16T00:00:00",20,1379,6608,4713,18766
"2025-04-16T00:00:00","09:30","2025-04-16T00:00:00",21,1402,6608,5496,18766
"2025-04-16T00:00:00","10:00","2025-04-16T00:00:00",22,1424,6608,6095,18766
"2025-04-16T00:00:00","10:30","2025-04-16T00:00:00",23,1451,6608,6552,18766
"2025-04-16T00:00:00","11:00","2025-04-16T00:00:00",24,1478,6608,6978,18766
"2025-04-16T00:00:00","11:30","2025-04-16T00:00:00",25,1509,6608,7431,18766
"2025-04-16T00:00:00","12:00","2025-04-16T00:00:00",26,1539,6608,7685,18766
"2025-04-16T00:00:00","12:30","2025-04-16T00:00:00",27,1519,6608,7552,18766
"2025-04-16T00:00:00","13:00","2025-04-16T00:00:00",28,1498,6608,7266,18766
"2025-04-16T00:00:00","13:30","2025-04-16T00:00:00",29,1483,6608,7075,18766
"2025-04-16T00:00:00","14:00","2025-04-16T00:00:00",30,1467,6608,6837,18766
"2025-04-16T00:00:00","14:30","2025-04-16T00:00:00",31,1459,6608,6382,18766
"2025-04-16T00:00:00","15:00","2025-04-16T00:00:00",32,1450,6608,5801,18766
"2025-04-16T00:00:00","15:30","2025-04-16T00:00:00",33,1450,6608,5213,18766
"2025-04-16T00:00:00","16:00","2025-04-16T00:00:00",34,1449,6608,4573,18766
"2025-04-16T00:00:00","16:30","2025-04-16T00:00:00",35,1456,6608,3819,18766
"2025-04-16T00:00:00","17:00","2025-04-16T00:00:00",36,1463,6608,2984,18766
"2025-04-16T00:00:00","17:30","2025-04-16T00:00:00",37,1478,6608,2124,18766
"2025-04-16T00:00:00","18:00","2025-04-16T00:00:00",38,1492,6608,1305,18766
"2025-04-16T00:00:00","18:30","2025-04-16T00:00:00",39,1486,6608,605,18766
"2025-04-16T00:00:00","19:00","2025-04-16T00:00:00",40,1479,6608,140,18766
"2025-04-16T00:00:00","19:30","2025-04-16T00:00:00",41,1477,6608,0,18766
"2025-04-16T00:00:00","20:00","2025-04-16T00:00:00",42,1475,6608,0,18766
"2025-04-16T00:00:00","20:30","2025-04-16T00:00:00",43,1480,6608,0,18766
"2025-04-16T00:00:00","21:00","2025-04-16T00:00:00",44,1484,6608,0,18766
"2025-04-16T00:00:00","21:30","2025-04-16T00:00:00",45,1495,6608,0,18766
"2025-04-16T00:00:00","22:00","2025-04-16T00:00:00",46,1506,6608,0,18766
"2025-04-16T00:00:00","22:30","2025-04-16T00:00:00",47,1525,6608,0,18766
"2025-04-16T00:00:00","23:00","2025-04-16T00:00:00",48,1543,6608,0,18766
"2025-04-16T00:00:00","23:30","2025-04-17T00:00:00",1,1568,6609,0,18773
"2025-04-17T00:00:00","00:00","2025-04-17T00:00:00",2,1593,6609,0,18773
"2025-04-17T00:00:00","00:30","2025-04-17T00:00:00",3,1584,6609,0,18773
"2025-04-17T00:00:00","01:00","2025-04-17T00:00:00",4,1574,6609,0,18773
"2025-04-17T00:00:00","01:30","2025-04-17T00:00:00",5,1570,6609,0,18773
"2025-04-17T00:00:00","02:00","2025-04-17T00:00:00",6,1565,6609,0,18773
"2025-04-17T00:00:00","02:30","2025-04-17T00:00:00",7,1566,6609,0,18773
"2025-04-17T00:00:00","03:00","2025-04-17T00:00:00",8,1567,6609,0,18773
"2025-04-17T00:00:00","03:30","2025-04-17T00:00:00",9,1574,6609,0,18773
"2025-04-17T00:00:00","04:00","2025-04-17T00:00:00",10,1581,6609,0,18773
"2025-04-17T00:00:00","04:30","2025-04-17T00:00:00",11,1594,6609,0,18773
"2025-04-17T00:00:00","05:00","2025-04-17T00:00:00",12,1607,6609,0,18773
"2025-04-17T00:00:00","05:30","2025-04-17T00:00:00",13,1624,6609,0,18773
"2025-04-17T00:00:00","06:00","2025-04-17T00:00:00",14,1641,6609,79,18773
"2025-04-17T00:00:00","06:30","2025-04-17T00:00:00",15,1643,6609,275,18773
"2025-04-17T00:00:00","07:00","2025-04-17T00:00:00",16,1644,6609,577,18773
"2025-04-17T00:00:00","07:30","2025-04-17T00:00:00",17,1651,6609,965,18773
"2025-04-17T00:00:00","08:00","2025-04-17T00:00:00",18,1658,6609,1493,18773
"2025-04-17T00:00:00","08:30","2025-04-17T00:00:00",19,1670,6609,2194,18773
"2025-04-17T00:00:00","09:00","2025-04-17T00:00:00",20,1682,6609,2948,18773
"2025-04-17T00:00:00","09:30","2025-04-17T00:00:00",21,1700,6609,3643,18773
"2025-04-17T00:00:00","10:00","2025-04-17T00:00:00",22,1717,6609,4351,18773
"2025-04-17T00:00:00","10:30","2025-04-17T00:00:00",23,1739,6609,5138,18773
"2025-04-17T00:00:00","11:00","2025-04-17T00:00:00",24,1761,6609,5879,18773
"2025-04-17T00:00:00","11:30","2025-04-17T00:00:00",25,1787,6609,6430,18773
"2025-04-17T00:00:00","12:00","2025-04-17T00:00:00",26,1812,6609,6774,18773
"2025-04-17T00:00:00","12:30","2025-04-17T00:00:00",27,1787,6609,6937,18773
"2025-04-17T00:00:00","13:00","2025-04-17T00:00:00",28,1761,6609,6973,18773
"2025-04-17T00:00:00","13:30","2025-04-17T00:00:00",29,1741,6609,6923,18773
"2025-04-17T00:00:00","14:00","2025-04-17T00:00:00",30,1721,6609,6741,18773
"2025-04-17T00:00:00","14:30","2025-04-17T00:00:00",31,1708,6609,6389,18773
"2025-04-17T00:00:00","15:00","2025-04-17T00:00:00",32,1694,6609,5954,18773
"2025-04-17T00:00:00","15:30","2025-04-17T00:00:00",33,1687,6609,5512,18773
"2025-04-17T00:00:00","16:00","2025-04-17T00:00:00",34,1679,6609,4975,18773
"2025-04-17T00:00:00","16:30","2025-04-17T00:00:00",35,1678,6609,4247,18773
"2025-04-17T00:00:00","17:00","2025-04-17T00:00:00",36,1677,6609,3368,18773
"2025-04-17T00:00:00","17:30","2025-04-17T00:00:00",37,1682,6609,2416,18773
"2025-04-17T00:00:00","18:00","2025-04-17T00:00:00",38,1687,6609,1484,18773
"2025-04-17T00:00:00","18:30","2025-04-17T00:00:00",39,1686,6609,679,18773
"2025-04-17T00:00:00","19:00","2025-04-17T00:00:00",40,1684,6609,148,18773
"2025-04-17T00:00:00","19:30","2025-04-17T00:00:00",41,1688,6609,0,18773
"2025-04-17T00:00:00","20:00","2025-04-17T00:00:00",42,1691,6609,0,18773
"2025-04-17T00:00:00","20:30","2025-04-17T00:00:00",43,1699,6609,0,18773
"2025-04-17T00:00:00","21:00","2025-04-17T00:00:00",44,1707,6609,0,18773
"2025-04-17T00:00:00","21:30","2025-04-17T00:00:00",45,1720,6609,0,18773
"2025-04-17T00:00:00","22:00","2025-04-17T00:00:00",46,1732,6609,0,18773
"2025-04-17T00:00:00","22:30","2025-04-17T00:00:00",47,1749,6609,0,18773
"2025-04-17T00:00:00","23:00","2025-04-17T00:00:00",48,1766,6609,0,18773
"2025-04-17T00:00:00","23:30","2025-04-18T00:00:00",1,1787,6609,0,18779
"2025-04-18T00:00:00","00:00","2025-04-18T00:00:00",2,1808,6609,0,18779
"2025-04-18T00:00:00","00:30","2025-04-18T00:00:00",3,1794,6609,0,18779
"2025-04-18T00:00:00","01:00","2025-04-18T00:00:00",4,1779,6609,0,18779
"2025-04-18T00:00:00","01:30","2025-04-18T00:00:00",5,1769,6609,0,18779
"2025-04-18T00:00:00","02:00","2025-04-18T00:00:00",6,1758,6609,0,18779
"2025-04-18T00:00:00","02:30","2025-04-18T00:00:00",7,1753,6609,0,18779
"2025-04-18T00:00:00","03:00","2025-04-18T00:00:00",8,1747,6609,0,18779
"2025-04-18T00:00:00","03:30","2025-04-18T00:00:00",9,1747,6609,0,18779
"2025-04-18T00:00:00","04:00","2025-04-18T00:00:00",10,1747,6609,0,18779
"2025-04-18T00:00:00","04:30","2025-04-18T00:00:00",11,1751,6609,0,18779
"2025-04-18T00:00:00","05:00","2025-04-18T00:00:00",12,1755,6609,0,18779
"2025-04-18T00:00:00","05:30","2025-04-18T00:00:00",13,1763,6609,26,18779
"2025-04-18T00:00:00","06:00","2025-04-18T00:00:00",14,1771,6609,115,18779
"2025-04-18T00:00:00","06:30","2025-04-18T00:00:00",15,1773,6609,328,18779
"2025-04-18T00:00:00","07:00","2025-04-18T00:00:00",16,1775,6609,685,18779
"2025-04-18T00:00:00","07:30","2025-04-18T00:00:00",17,1782,6609,1178,18779
"2025-04-18T00:00:00","08:00","2025-04-18T00:00:00",18,1789,6609,1737,18779
"2025-04-18T00:00:00","08:30","2025-04-18T00:00:00",19,1800,6609,2307,18779
"2025-04-18T00:00:00","09:00","2025-04-18T00:00:00",20,1811,6609,2978,18779
"2025-04-18T00:00:00","09:30","2025-04-18T00:00:00",21,1826,6609,3814,18779
"2025-04-18T00:00:00","10:00","2025-04-18T00:00:00",22,1840,6609,4659,18779
"2025-04-18T00:00:00","10:30","2025-04-18T00:00:00",23,1858,6609,5355,18779
"2025-04-18T00:00:00","11:00","2025-04-18T00:00:00",24,1875,6609,5964,18779
"2025-04-18T00:00:00","11:30","2025-04-18T00:00:00",25,1895,6609,6555,18779
"2025-04-18T00:00:00","12:00","2025-04-18T00:00:00",26,1914,6609,6994,18779
"2025-04-18T00:00:00","12:30","2025-04-18T00:00:00",27,1879,6609,7151,18779
"2025-04-18T00:00:00","13:00","2025-04-18T00:00:00",28,1844,6609,7133,18779
"2025-04-18T00:00:00","13:30","2025-04-18T00:00:00",29,1812,6609,7057,18779
"2025-04-18T00:00:00","14:00","2025-04-18T00:00:00",30,1780,6609,6859,18779
"2025-04-18T00:00:00","14:30","2025-04-18T00:00:00",31,1753,6609,6473,18779
"2025-04-18T00:00:00","15:00","2025-04-18T00:00:00",32,1725,6609,6016,18779
"2025-04-18T00:00:00","15:30","2025-04-18T00:00:00",33,1703,6609,5581,18779
"2025-04-18T00:00:00","16:00","2025-04-18T00:00:00",34,1680,6609,5006,18779
"2025-04-18T00:00:00","16:30","2025-04-18T00:00:00",35,1664,6609,4143,18779
"2025-04-18T00:00:00","17:00","2025-04-18T00:00:00",36,1647,6609,3173,18779
"2025-04-18T00:00:00","17:30","2025-04-18T00:00:00",37,1637,6609,2302,18779
"2025-04-18T00:00:00","18:00","2025-04-18T00:00:00",38,1626,6609,1495,18779
"2025-04-18T00:00:00","18:30","2025-04-18T00:00:00",39,1612,6609,717,18779
"2025-04-18T00:00:00","19:00","2025-04-18T00:00:00",40,1597,6609,157,18779
"2025-04-18T00:00:00","19:30","2025-04-18T00:00:00",41,1588,6609,0,18779
"2025-04-18T00:00:00","20:00","2025-04-18T00:00:00",42,1578,6609,0,18779
"2025-04-18T00:00:00","20:30","2025-04-18T00:00:00",43,1576,6609,0,18779
"2025-04-18T00:00:00","21:00","2025-04-18T00:00:00",44,1573,6609,0,18779
"2025-04-18T00:00:00","21:30","2025-04-18T00:00:00",45,1577,6609,0,18779
"2025-04-18T00:00:00","22:00","2025-04-18T00:00:00",46,1581,6609,0,18779
"2025-04-18T00:00:00","22:30","2025-04-18T00:00:00",47,1592,6609,0,18779
"2025-04-18T00:00:00","23:00","2025-04-18T00:00:00",48,1602,6609,0,18779
"2025-04-18T00:00:00","23:30","2025-04-19T00:00:00",1,1619,6609,0,18786
"2025-04-19T00:00:00","00:00","2025-04-19T00:00:00",2,1635,6609,0,18786
"2025-04-19T00:00:00","00:30","2025-04-19T00:00:00",3,1632,6609,0,18786
"2025-04-19T00:00:00","01:00","2025-04-19T00:00:00",4,1628,6609,0,18786
"2025-04-19T00:00:00","01:30","2025-04-19T00:00:00",5,1629,6609,0,18786
"2025-04-19T00:00:00","02:00","2025-04-19T00:00:00",6,1629,6609,0,18786
"2025-04-19T00:00:00","02:30","2025-04-19T00:00:00",7,1634,6609,0,18786
"2025-04-19T00:00:00","03:00","2025-04-19T00:00:00",8,1639,6609,0,18786
"2025-04-19T00:00:00","03:30","2025-04-19T00:00:00",9,1649,6609,0,18786
"2025-04-19T00:00:00","04:00","2025-04-19T00:00:00",10,1659,6609,0,18786
"2025-04-19T00:00:00","04:30","2025-04-19T00:00:00",11,1673,6609,0,18786
"2025-04-19T00:00:00","05:00","2025-04-19T00:00:00",12,1687,6609,0,18786
"2025-04-19T00:00:00","05:30","2025-04-19T00:00:00",13,1705,6609,32,18786
"2025-04-19T00:00:00","06:00","2025-04-19T00:00:00",14,1722,6609,131,18786
"2025-04-19T00:00:00","06:30","2025-04-19T00:00:00",15,1730,6609,358,18786
"2025-04-19T00:00:00","07:00","2025-04-19T00:00:00",16,1737,6609,729,18786
"2025-04-19T00:00:00","07:30","2025-04-19T00:00:00",17,1750,6609,1237,18786
"2025-04-19T00:00:00","08:00","2025-04-19T00:00:00",18,1762,6609,1821,18786
"2025-04-19T00:00:00","08:30","2025-04-19T00:00:00",19,1781,6609,2433,18786
"2025-04-19T00:00:00","09:00","2025-04-19T00:00:00",20,1799,6609,3130,18786
"2025-04-19T00:00:00","09:30","2025-04-19T00:00:00",21,1823,6609,3953,18786
"2025-04-19T00:00:00","10:00","2025-04-19T00:00:00",22,1846,6609,4786,18786
"2025-04-19T00:00:00","10:30","2025-04-19T00:00:00",23,1874,6609,5510,18786
"2025-04-19T00:00:00","11:00","2025-04-19T00:00:00",24,1902,6609,6152,18786
"2025-04-19T00:00:00","11:30","2025-04-19T00:00:00",25,1933,6609,6746,18786
"2025-04-19T00:00:00","12:00","2025-04-19T00:00:00",26,1964,6609,7200,18786
"2025-04-19T00:00:00","12:30","2025-04-19T00:00:00",27,1944,6609,7427,18786
"2025-04-19T00:00:00","13:00","2025-04-19T00:00:00",28,1924,6609,7456,18786
"2025-04-19T00:00:00","13:30","2025-04-19T00:00:00",29,1908,6609,7339,18786
"2025-04-19T00:00:00","14:00","2025-04-19T00:00:00",30,1891,6609,7111,18786
"2025-04-19T00:00:00","14:30","2025-04-19T00:00:00",31,1879,6609,6796,18786
"2025-04-19T00:00:00","15:00","2025-04-19T00:00:00",32,1867,6609,6374,18786
"2025-04-19T00:00:00","15:30","2025-04-19T00:00:00",33,1861,6609,5814,18786
"2025-04-19T00:00:00","16:00","2025-04-19T00:00:00",34,1854,6609,5092,18786
"2025-04-19T00:00:00","16:30","2025-04-19T00:00:00",35,1853,6609,4209,18786
"2025-04-19T00:00:00","17:00","2025-04-19T00:00:00",36,1852,6609,3274,18786
"2025-04-19T00:00:00","17:30","2025-04-19T00:00:00",37,1857,6609,2392,18786
"2025-04-19T00:00:00","18:00","2025-04-19T00:00:00",38,1861,6609,1551,18786
"2025-04-19T00:00:00","18:30","2025-04-19T00:00:00",39,1854,6609,752,18786
"2025-04-19T00:00:00","19:00","2025-04-19T00:00:00",40,1847,6609,181,18786
"2025-04-19T00:00:00","19:30","2025-04-19T00:00:00",41,1843,6609,0,18786
"2025-04-19T00:00:00","20:00","2025-04-19T00:00:00",42,1839,6609,0,18786
"2025-04-19T00:00:00","20:30","2025-04-19T00:00:00",43,1839,6609,0,18786
"2025-04-19T00:00:00","21:00","2025-04-19T00:00:00",44,1839,6609,0,18786
"2025-04-19T00:00:00","21:30","2025-04-19T00:00:00",45,1843,6609,0,18786
"2025-04-19T00:00:00","22:00","2025-04-19T00:00:00",46,1847,6609,0,18786
"2025-04-19T00:00:00","22:30","2025-04-19T00:00:00",47,1857,6609,0,18786
"2025-04-19T00:00:00","23:00","2025-04-19T00:00:00",48,1866,6609,0,18786
"2025-04-19T00:00:00","23:30","2025-04-20T00:00:00",1,1880,6610,0,18792
"2025-04-20T00:00:00","00:00","2025-04-20T00:00:00",2,1893,6610,0,18792
"2025-04-20T00:00:00","00:30","2025-04-20T00:00:00",3,1882,6610,0,18792
"2025-04-20T00:00:00","01:00","2025-04-20T00:00:00",4,1871,6610,0,18792
"2025-04-20T00:00:00","01:30","2025-04-20T00:00:00",5,1864,6610,0,18792
"2025-04-20T00:00:00","02:00","2025-04-20T00:00:00",6,1856,6610,0,18792
"2025-04-20T00:00:00","02:30","2025-04-20T00:00:00",7,1853,6610,0,18792
"2025-04-20T00:00:00","03:00","2025-04-20T00:00:00",8,1849,6610,0,18792
"2025-04-20T00:00:00","03:30","2025-04-20T00:00:00",9,1849,6610,0,18792
"2025-04-20T00:00:00","04:00","2025-04-20T00:00:00",10,1849,6610,0,18792
"2025-04-20T00:00:00","04:30","2025-04-20T00:00:00",11,1853,6610,0,18792
"2025-04-20T00:00:00","05:00","2025-04-20T00:00:00",12,1856,6610,0,18792
"2025-04-20T00:00:00","05:30","2025-04-20T00:00:00",13,1862,6610,22,18792
"2025-04-20T00:00:00","06:00","2025-04-20T00:00:00",14,1867,6610,141,18792
"2025-04-20T00:00:00","06:30","2025-04-20T00:00:00",15,1865,6610,435,18792
"2025-04-20T00:00:00","07:00","2025-04-20T00:00:00",16,1863,6610,828,18792
"2025-04-20T00:00:00","07:30","2025-04-20T00:00:00",17,1865,6610,1245,18792
"2025-04-20T00:00:00","08:00","2025-04-20T00:00:00",18,1866,6610,4395,18792
"2025-04-20T00:00:00","08:30","2025-04-20T00:00:00",19,1872,6610,5737,18792
"2025-04-20T00:00:00","09:00","2025-04-20T00:00:00",20,1877,6610,7058,18792
"2025-04-20T00:00:00","09:30","2025-04-20T00:00:00",21,1886,6610,8242,18792
"2025-04-20T00:00:00","10:00","2025-04-20T00:00:00",22,1894,6610,9269,18792
"2025-04-20T00:00:00","10:30","2025-04-20T00:00:00",23,1906,6610,10059,18792
"2025-04-20T00:00:00","11:00","2025-04-20T00:00:00",24,1917,6610,10685,18792
"2025-04-20T00:00:00","11:30","2025-04-20T00:00:00",25,1931,6610,11232,18792
"2025-04-20T00:00:00","12:00","2025-04-20T00:00:00",26,1944,6610,11588,18792
"2025-04-20T00:00:00","12:30","2025-04-20T00:00:00",27,1910,6610,11644,18792
"2025-04-20T00:00:00","13:00","2025-04-20T00:00:00",28,1875,6610,11520,18792
"2025-04-20T00:00:00","13:30","2025-04-20T00:00:00",29,1845,6610,11345,18792
"2025-04-20T00:00:00","14:00","2025-04-20T00:00:00",30,1814,6610,11001,18792
"2025-04-20T00:00:00","14:30","2025-04-20T00:00:00",31,1789,6610,10352,18792
"2025-04-20T00:00:00","15:00","2025-04-20T00:00:00",32,1764,6610,9551,18792
"2025-04-20T00:00:00","15:30","2025-04-20T00:00:00",33,1745,6610,8739,18792
"2025-04-20T00:00:00","16:00","2025-04-20T00:00:00",34,1725,6610,7813,18792
"2025-04-20T00:00:00","16:30","2025-04-20T00:00:00",35,1711,6610,6674,18792
"2025-04-20T00:00:00","17:00","2025-04-20T00:00:00",36,1697,6610,5455,18792
"2025-04-20T00:00:00","17:30","2025-04-20T00:00:00",37,1688,6610,4271,18792
"2025-04-20T00:00:00","18:00","2025-04-20T00:00:00",38,1679,6610,3120,18792
"2025-04-20T00:00:00","18:30","2025-04-20T00:00:00",39,1651,6610,1980,18792
"2025-04-20T00:00:00","19:00","2025-04-20T00:00:00",40,1622,6610,1015,18792
"2025-04-20T00:00:00","19:30","2025-04-20T00:00:00",41,1598,6610,401,18792
"2025-04-20T00:00:00","20:00","2025-04-20T00:00:00",42,1574,6610,39,18792
"2025-04-20T00:00:00","20:30","2025-04-20T00:00:00",43,1556,6610,0,18792
"2025-04-20T00:00:00","21:00","2025-04-20T00:00:00",44,1538,6610,0,18792
"2025-04-20T00:00:00","21:30","2025-04-20T00:00:00",45,1527,6610,0,18792
"2025-04-20T00:00:00","22:00","2025-04-20T00:00:00",46,1516,6610,0,18792
"2025-04-20T00:00:00","22:30","2025-04-20T00:00:00",47,1513,6610,0,18792
"2025-04-20T00:00:00","23:00","2025-04-20T00:00:00",48,1509,6610,0,18792
"2025-04-20T00:00:00","23:30","2025-04-21T00:00:00",1,1513,6610,0,18799
"2025-04-21T00:00:00","00:00","2025-04-21T00:00:00",2,1516,6610,0,18799
"2025-04-21T00:00:00","00:30","2025-04-21T00:00:00",3,1496,6610,0,18799
"2025-04-21T00:00:00","01:00","2025-04-21T00:00:00",4,1475,6610,0,18799
"2025-04-21T00:00:00","01:30","2025-04-21T00:00:00",5,1460,6610,0,18799
"2025-04-21T00:00:00","02:00","2025-04-21T00:00:00",6,1445,6610,0,18799
"2025-04-21T00:00:00","02:30","2025-04-21T00:00:00",7,1436,6610,0,18799
"2025-04-21T00:00:00","03:00","2025-04-21T00:00:00",8,1427,6610,0,18799
"2025-04-21T00:00:00","03:30","2025-04-21T00:00:00",9,1424,6610,0,18799
"2025-04-21T00:00:00","04:00","2025-04-21T00:00:00",10,1420,6610,0,18799
"2025-04-21T00:00:00","04:30","2025-04-21T00:00:00",11,1422,6610,0,18799
"2025-04-21T00:00:00","05:00","2025-04-21T00:00:00",12,1423,6610,0,18799
"2025-04-21T00:00:00","05:30","2025-04-21T00:00:00",13,1429,6610,141,18799
"2025-04-21T00:00:00","06:00","2025-04-21T00:00:00",14,1435,6610,457,18799
"2025-04-21T00:00:00","06:30","2025-04-21T00:00:00",15,1438,6610,1106,18799
"2025-04-21T00:00:00","07:00","2025-04-21T00:00:00",16,1440,6610,1929,18799
"2025-04-21T00:00:00","07:30","2025-04-21T00:00:00",17,1448,6610,2826,18799
"2025-04-21T00:00:00","08:00","2025-04-21T00:00:00",18,1456,6610,3791,18799
"2025-04-21T00:00:00","08:30","2025-04-21T00:00:00",19,1471,6610,4812,18799
"2025-04-21T00:00:00","09:00","2025-04-21T00:00:00",20,1485,6610,5816,18799
"2025-04-21T00:00:00","09:30","2025-04-21T00:00:00",21,1505,6610,6770,18799
"2025-04-21T00:00:00","10:00","2025-04-21T00:00:00",22,1525,6610,7616,18799
"2025-04-21T00:00:00","10:30","2025-04-21T00:00:00",23,1550,6610,8276,18799
"2025-04-21T00:00:00","11:00","2025-04-21T00:00:00",24,1574,6610,8806,18799
"2025-04-21T00:00:00","11:30","2025-04-21T00:00:00",25,1602,6610,9286,18799
"2025-04-21T00:00:00","12:00","2025-04-21T00:00:00",26,1630,6610,9591,18799
"2025-04-21T00:00:00","12:30","2025-04-21T00:00:00",27,1606,6610,9585,18799
"2025-04-21T00:00:00","13:00","2025-04-21T00:00:00",28,1582,6610,9404,18799
"2025-04-21T00:00:00","13:30","2025-04-21T00:00:00",29,1563,6610,9167,18799
"2025-04-21T00:00:00","14:00","2025-04-21T00:00:00",30,1543,6610,8806,18799
"2025-04-21T00:00:00","14:30","2025-04-21T00:00:00",31,1529,6610,8237,18799
"2025-04-21T00:00:00","15:00","2025-04-21T00:00:00",32,1514,6610,7593,18799
"2025-04-21T00:00:00","15:30","2025-04-21T00:00:00",33,1505,6610,7035,18799
"2025-04-21T00:00:00","16:00","2025-04-21T00:00:00",34,1496,6610,6392,18799
"2025-04-21T00:00:00","16:30","2025-04-21T00:00:00",35,1493,6610,5484,18799
"2025-04-21T00:00:00","17:00","2025-04-21T00:00:00",36,1490,6610,4502,18799
"2025-04-21T00:00:00","17:30","2025-04-21T00:00:00",37,1493,6610,3616,18799
"2025-04-21T00:00:00","18:00","2025-04-21T00:00:00",38,1496,6610,2753,18799
"2025-04-21T00:00:00","18:30","2025-04-21T00:00:00",39,1480,6610,1884,18799
"2025-04-21T00:00:00","19:00","2025-04-21T00:00:00",40,1464,6610,1106,18799
"2025-04-21T00:00:00","19:30","2025-04-21T00:00:00",41,1453,6610,513,18799
"2025-04-21T00:00:00","20:00","2025-04-21T00:00:00",42,1442,6610,118,18799
"2025-04-21T00:00:00","20:30","2025-04-21T00:00:00",43,1436,6610,6,18799
"2025-04-21T00:00:00","21:00","2025-04-21T00:00:00",44,1429,6610,0,18799
"2025-04-21T00:00:00","21:30","2025-04-21T00:00:00",45,1428,6610,0,18799
"2025-04-21T00:00:00","22:00","2025-04-21T00:00:00",46,1427,6610,0,18799
"2025-04-21T00:00:00","22:30","2025-04-21T00:00:00",47,1431,6610,0,18799
"2025-04-21T00:00:00","23:00","2025-04-21T00:00:00",48,1435,6610,0,18799
